ts,route_id,direction_id,trip_id,start_date,stop_sequence,stop_id,delay_s,source,sched_s,stop_idx,n_stops,trip_start_s
1790740687,10,1,1325324,20260929,40,17187,-30,feed,82680,39,64,81060
1790740687,10,0,1325738,20260929,1,19337,172,feed,83160,0,49,83160
1790740687,10,1,1326479,20260929,50,17986,783,feed,82020,49,53,79320
1790740687,10,0,1326601,20260929,1,19337,0,feed,84900,0,60,84900
1790740687,10,0,1326807,20260929,9,17996,471,feed,82200,8,60,81540
1790740687,10,1,1327003,20260929,1,57165,0,feed,83160,0,53,83160
1790740687,10,0,1327013,20260929,35,17151,-5,feed,82680,34,49,80340
1790740687,11,1,1319445,20260929,1,49304,0,feed,84840,0,79,84840
1790740687,11,1,1319546,20260929,1,49304,0,feed,82920,0,79,82920
1790740687,11,1,1319569,20260929,36,14689,425,feed,82260,35,79,81120
1790740687,11,0,1349623,20260929,1,51828,0,feed,83400,0,79,83400
1790740687,11,0,1351263,20260929,63,14624,169,feed,82500,62,79,79740
1790740687,11,0,1351646,20260929,29,81052,13,feed,82560,28,79,81540
1790740687,11,0,1362805,20260929,1,51828,0,feed,85020,0,79,85020
1790740687,14,1,1331100,20260929,35,17857,137,feed,82560,34,82,81120
1790740687,14,1,1331504,20260929,1,50153,0,feed,82980,0,82,82980
1790740687,14,0,1332519,20260929,62,8318,111,feed,82560,61,80,79500
1790740687,14,0,1332889,20260929,1,4345,0,feed,83220,0,80,83220
1790740687,14,1,1333187,20260929,1,50153,0,feed,84780,0,82,84780
1790740687,14,0,1333220,20260929,31,15622,-9,feed,82680,30,80,81360
1790740687,17,0,1131000,20260929,1,57458,0,feed,83820,0,63,83820
1790740687,17,0,1131064,20260929,11,5771,101,feed,82560,10,63,81960
1790740687,17,0,1132530,20260929,38,40340,542,feed,82200,37,63,80160
1790740687,17,1,1317845,20260929,1,17192,0,feed,83400,0,65,83400
1790740687,17,1,1318826,20260929,20,17978,36,feed,82680,19,65,81600
1790740687,17,1,1318967,20260929,42,4673,224,feed,82440,41,65,79800
1790740687,17,1,1320086,20260929,1,17192,0,feed,85320,0,65,85320
1790740687,18,1,1349678,20260929,71,51821,529,feed,82140,70,82,78420
1790740687,18,1,1356538,20260929,39,1346,-284,feed,82680,38,51,80280
1790740687,18,1,1356567,20260929,36,1342,2577,feed,79980,35,51,77520
1790740687,18,1,1356619,20260929,51,51852,126,feed,82560,50,51,79380
1790740687,18,1,1356654,20260929,4,17978,358,feed,82320,3,51,82080
1790740687,18,1,1356938,20260929,17,42211,111,feed,82560,16,51,81180
1790740687,18,1,1357399,20260929,1,56800,0,feed,83880,0,51,83880
1790740687,18,1,1357743,20260929,1,56800,0,feed,84840,0,51,84840
1790740687,18,0,1361046,20260929,1,51852,0,feed,85560,0,51,85560
1790740687,18,0,1361123,20260929,51,56800,-65,feed,82680,50,51,79500
1790740687,18,0,1361540,20260929,27,1876,-21,feed,82680,26,51,81300
1790740687,18,0,1361581,20260929,1,51852,0,feed,83760,0,51,83760
1790740687,18,0,1361969,20260929,1,57131,0,feed,83820,0,84,83820
1790740687,18,0,1362017,20260929,35,1433,-57,feed,82620,34,84,81720
1790740687,18,0,1362091,20260929,75,1914,-153,feed,82740,74,84,79500
1790740687,18,1,1363353,20260929,1,56800,0,feed,82980,0,30,82980
1790740687,2,0,1332053,20260929,21,15668,-74,feed,82680,20,42,81180
1790740687,2,0,1332141,20260929,1,50160,184,feed,83040,0,42,83040
1790740687,2,0,1333026,20260929,1,50160,0,feed,84900,0,42,84900
1790740687,2,1,1360911,20260929,25,15630,-88,feed,82680,24,43,81120
1790740687,2,1,1361576,20260929,1,57618,0,feed,84720,0,43,84720
1790740687,2,1,1361952,20260929,1,57618,0,feed,82920,0,43,82920
1790740687,2,1,1362645,20260929,42,57469,821,feed,81840,41,43,79320
1790740687,22,0,1355819,20260929,37,15625,90,feed,82620,36,81,80940
1790740687,22,1,1356239,20260929,57,19501,-20,feed,82680,56,84,79260
1790740687,22,1,1356349,20260929,28,56317,-147,feed,82680,27,84,81060
1790740687,22,1,1356707,20260929,83,4557,657,feed,82080,82,84,77460
1790740687,22,0,1356943,20260929,1,4558,0,feed,83700,0,81,83700
1790740687,22,0,1357116,20260929,65,11199,116,feed,82800,64,81,79140
1790740687,22,1,1357509,20260929,1,56825,0,feed,82860,0,84,82860
1790740687,22,1,1357826,20260929,1,56825,0,feed,84540,0,84,84540
1790740687,3,1,1177889,20260929,1,56100,0,feed,83520,0,65,83520
1790740687,3,0,1179712,20260929,48,960,-45,feed,82680,47,64,79800
1790740687,3,1,1181262,20260929,2,2611,101,feed,82560,1,64,82380
1790740687,3,1,1182323,20260929,54,19302,163,feed,82560,53,65,79800
1790740687,3,0,1184211,20260929,1,54097,0,feed,83580,0,64,83580
1790740687,3,0,1184378,20260929,62,57623,241,feed,82440,61,65,78840
1790740687,3,0,1187624,20260929,1,54097,0,feed,85380,0,26,85380
1790740687,3,0,1188078,20260929,11,19322,42,feed,82620,10,65,81660
1790740687,30,0,1212215,20260929,,,,canceled,,,,
1790740687,30,1,1212277,20260929,,,,canceled,,,,
1790740687,30,1,1212304,20260929,,,,canceled,,,,
1790740687,30,1,1212947,20260929,,,,canceled,,,,
1790740687,30,0,1214485,20260929,,,,canceled,,,,
1790740687,323,1,1131078,20260929,1,57508,0,feed,85860,0,25,85860
1790740687,323,0,1132250,20260929,1,51116,0,feed,85500,0,23,85500
1790740687,323,1,1132276,20260929,8,57030,46,feed,82620,7,25,82260
1790740687,323,0,1133397,20260929,1,51116,0,feed,83700,0,23,83700
1790740687,323,1,1134740,20260929,1,57508,0,feed,84060,0,25,84060
1790740687,323,0,1135085,20260929,17,57037,-104,feed,82680,16,23,81900
1790740687,36,0,1179334,20260929,1,57537,0,feed,83460,0,53,83460
1790740687,36,0,1180571,20260929,1,57537,0,feed,85260,0,53,85260
1790740687,36,0,1180913,20260929,22,44199,70,feed,82620,21,53,81660
1790740687,36,1,1221056,20260929,1,50160,0,feed,83820,0,50,83820
1790740687,36,1,1221089,20260929,1,50160,0,feed,85620,0,50,85620
1790740687,36,1,1221750,20260929,16,6383,143,feed,82560,15,50,82020
1790740687,38,1,1360996,20260929,17,12549,124,feed,82560,16,104,81900
1790740687,38,1,1361202,20260929,45,3526,318,feed,82380,44,101,80160
1790740687,38,0,1361538,20260929,3,48312,-356,feed,82920,2,106,82740
1790740687,38,1,1361558,20260929,1,16494,0,feed,83760,0,101,83760
1790740687,38,0,1362011,20260929,43,4721,-72,feed,82680,42,105,80940
1790740687,38,0,1362092,20260929,85,12577,-15,feed,82680,84,106,79140
1790740687,38,0,1362119,20260929,1,48213,0,feed,84540,0,105,84540
1790740687,4,0,1132081,20260929,1,50231,0,feed,84000,0,87,84000
1790740687,4,0,1133649,20260929,76,16014,118,feed,82560,75,87,78840
1790740687,4,0,1134142,20260929,29,57203,133,feed,82560,28,89,81540
1790740687,4,1,1356159,20260929,39,17922,51,feed,82620,38,90,81060
1790740687,4,1,1356292,20260929,1,14153,0,feed,82860,0,85,82860
1790740687,4,1,1356983,20260929,71,3407,-96,feed,82680,70,85,79200
1790740687,4,1,1357316,20260929,1,14153,0,feed,84660,0,90,84660
1790740687,48,0,1304874,20260929,1,19301,0,feed,83040,0,61,83040
1790740687,48,1,1355644,20260929,1,50152,0,feed,84300,0,61,84300
1790740687,5,1,1332921,20260929,1,51846,0,feed,82740,0,82,82740
1790740687,5,0,1346710,20260929,61,8939,179,feed,82500,60,83,79920
1790740687,5,0,1347016,20260929,1,51212,0,feed,84900,0,83,84900
1790740687,5,1,1353751,20260929,1,51846,0,feed,84780,0,82,84780
1790740687,515,0,1349495,20260929,1,53704,0,feed,85740,0,49,85740
1790740687,515,1,1352006,20260929,49,53704,227,feed,82500,48,49,81000
1790740687,515,1,1358813,20260929,1,56877,0,feed,83880,0,49,83880
1790740687,515,0,1359544,20260929,23,645,116,feed,82560,22,49,81960
1790740687,54,1,1133688,20260929,1,56100,0,feed,83940,0,27,83940
1790740687,54,0,1134153,20260929,23,57418,161,feed,82500,22,25,80520
1790740687,54,1,1134531,20260929,22,42441,100,feed,82560,21,27,80400
1790740687,54,0,1335670,20260929,1,56875,0,feed,83220,0,25,83220
1790740687,54,1,1346236,20260929,1,42319,0,feed,83940,0,47,83940
1790740687,54,0,1346755,20260929,37,12960,170,feed,82560,36,46,79560
1790740687,54,0,1359559,20260929,8,56939,636,feed,82020,7,46,81420
1790740687,540,0,1135038,20260929,34,1943,176,feed,82500,33,51,81240
1790740687,540,1,893508,20260929,45,57474,35,feed,82620,44,48,80820
1790740687,61,0,1346255,20260929,54,41071,403,feed,82260,53,76,79920
1790740687,61,0,1346779,20260929,1,17905,0,feed,85320,0,76,85320
1790740687,61,0,1346944,20260929,1,17905,0,feed,83520,0,76,83520
1790740687,61,0,1347067,20260929,16,15753,206,feed,82500,15,76,81720
1790740687,61,1,1357050,20260929,43,4261,-11,feed,82680,42,77,80280
1790740687,61,1,1357614,20260929,8,40160,-4,feed,82560,7,77,82080
1790740687,62,1,1349324,20260929,1,56096,0,feed,84180,0,29,84180
1790740687,62,0,1349975,20260929,7,56164,-35,feed,82680,6,29,82260
1790740687,62,0,1350327,20260929,1,2611,0,feed,85860,0,29,85860
1790740687,62,1,1350730,20260929,8,46698,120,feed,82560,7,72,82320
1790740687,62,0,1355218,20260929,11,337,-8,feed,82560,10,77,82260
1790740687,62,1,1355472,20260929,1,56096,0,feed,85500,0,29,85500
1790740687,63,1,1336394,20260929,1,51114,0,feed,84180,0,58,84180
1790740687,63,1,1337218,20260929,34,3181,166,feed,82500,33,58,80520
1790740687,63,1,1337463,20260929,1,51114,0,feed,85680,0,58,85680
1790740687,63,1,1337765,20260929,9,49914,-6,feed,82680,8,58,82380
1790740687,63,0,1342638,20260929,42,3155,164,feed,82500,41,59,80040
1790740687,63,0,1342951,20260929,1,15795,0,feed,85260,0,59,85260
1790740687,63,0,1343168,20260929,7,56250,476,feed,82200,6,59,81960
1790740687,63,0,1343398,20260929,1,15795,0,feed,83760,0,59,83760
1790740687,64,1,1342851,20260929,71,11859,-3,feed,82740,70,76,80280
1790740687,64,1,1343002,20260929,1,52015,0,feed,83700,0,76,83700
1790740687,64,1,1343155,20260929,16,48260,123,feed,82560,15,76,82080
1790740687,64,0,1356883,20260929,8,11776,147,feed,82620,7,43,81900
1790740687,64,0,1357562,20260929,1,52761,0,feed,83700,0,78,83700
1790740687,64,0,1357733,20260929,1,52761,0,feed,85500,0,43,85500
1790740687,64,0,1358027,20260929,70,49747,-248,feed,82680,69,78,80100
1790740687,65,0,1348821,20260929,1,10761,70,feed,83940,0,40,83940
1790740687,65,1,1349012,20260929,1,57690,0,feed,85740,0,38,85740
1790740687,65,1,1350346,20260929,3,3960,229,feed,82440,2,38,82140
1790740687,68,0,1270788,20260929,1,53340,72,feed,82620,0,104,82620
1790740687,68,0,1342157,20260929,31,56425,-58,feed,82680,30,59,81900
1790740687,68,1,1360362,20260929,1,11904,0,feed,83460,0,61,83460
1790740687,68,1,1361011,20260929,1,57511,0,feed,84180,0,90,84180
1790740687,68,1,1361856,20260929,56,332,-75,feed,82680,55,132,80580
1790740687,68,0,1363490,20260929,106,18022,286,feed,82380,105,131,78960
1790740687,68,0,1364160,20260929,2,9806,79,feed,85320,1,87,85320
1790740687,686,1,1334436,20260929,4,47705,1,feed,82920,3,4,80640
1790740687,7,1,1355971,20260929,1,17679,0,feed,85560,0,63,85560
1790740687,7,1,1356035,20260929,7,11161,183,feed,82500,6,60,82260
1790740687,7,0,1356541,20260929,28,16310,111,feed,82560,27,64,81120
1790740687,7,0,1358002,20260929,1,51779,0,feed,83700,0,67,83700
1790740687,71,0,1266518,20260929,1,2611,0,feed,83580,0,31,83580
1790740687,71,1,1271113,20260929,1,51291,0,feed,85260,0,32,85260
1790740687,71,1,1281580,20260929,25,56327,117,feed,82560,24,32,81660
1790740687,724,1,1134730,20260929,1,53222,0,feed,84540,0,35,84540
1790740687,724,1,1276826,20260929,1,53222,0,feed,82740,0,35,82740
1790740687,724,0,1289544,20260929,1,51846,0,feed,85800,0,33,85800
1790740687,724,0,1360334,20260929,16,8742,45,feed,82620,15,33,82200
1790740687,74,1,1356704,20260929,1,13667,185,feed,83880,0,61,83880
1790740687,74,0,1357869,20260929,1,51546,0,feed,85080,0,59,85080
1790740687,74,1,1358030,20260929,11,12900,-79,feed,82680,10,61,82080
1790740687,74,1,1358047,20260929,1,13667,0,feed,85440,0,61,85440
1790740687,74,1,1358087,20260929,40,11704,136,feed,82560,39,61,80220
1790740687,74,0,1358769,20260929,39,80956,560,feed,82080,38,59,79620
1790740687,74,0,1360230,20260929,18,11723,17,feed,82680,17,59,81540
1790740687,74,0,1360365,20260929,1,51546,0,feed,83340,0,59,83340
1790740687,802,1,1176955,20260929,,,,canceled,,,,
1790740687,802,0,1177350,20260929,,,,canceled,,,,
1790740687,802,0,1181611,20260929,,,,canceled,,,,
1790740687,802,0,1181910,20260929,,,,canceled,,,,
1790740687,802,1,1182832,20260929,,,,canceled,,,,
1790740687,802,1,1185441,20260929,,,,canceled,,,,
1790740687,802,0,1185569,20260929,,,,canceled,,,,
1790740687,805,1,1212003,20260929,,,,canceled,,,,
1790740687,805,1,1212457,20260929,,,,canceled,,,,
1790740687,805,0,1213964,20260929,,,,canceled,,,,
1790740687,805,0,1214462,20260929,,,,canceled,,,,
1790740687,805,1,1214483,20260929,,,,canceled,,,,
1790740687,805,0,1214715,20260929,,,,canceled,,,,
1790740687,805,1,1214890,20260929,,,,canceled,,,,
1790740687,87,1,1303396,20260929,68,13146,59,feed,82620,67,70,80040
1790740687,9,0,1356825,20260929,60,80925,332,feed,82380,59,100,80160
1790740687,9,0,1357279,20260929,1,40247,0,feed,82680,0,112,82680
1790740687,9,1,1360016,20260929,1,51551,0,feed,84240,0,111,84240
1790740687,901,1,880769,20260929,11,51415,60,feed,82620,10,20,81540
1790740687,901,0,883036,20260929,16,51424,120,feed,82740,15,20,80700
1790740687,901,0,890992,20260929,1,51405,0,feed,82920,0,20,82920
1790740687,901,0,895491,20260929,8,51432,120,feed,82560,7,20,81600
1790740687,902,0,881513,20260929,13,56007,300,feed,82380,12,24,80940
1790740687,902,1,887943,20260929,8,56033,120,feed,82620,7,24,81780
1790740687,902,0,893286,20260929,4,51408,0,feed,82680,3,24,82380
1790740687,902,1,903138,20260929,21,51423,180,feed,82620,20,24,79980
1790740687,903,0,1267194,20260929,1,57285,0,feed,85380,0,6,85380
1790740687,903,0,1269085,20260929,3,53494,120,feed,82560,2,6,82320
1790740687,903,1,973956,20260929,1,56874,0,feed,82860,0,6,82860
1790740687,903,1,974734,20260929,1,56874,0,feed,84780,0,6,84780
1790740687,904,1,1263740,20260929,1,56800,0,feed,84660,0,12,84660
1790740687,904,1,1264050,20260929,1,56800,0,feed,83760,0,12,83760
1790740687,904,1,1266125,20260929,11,56833,-29,feed,82800,10,12,81060
1790740687,904,1,1267108,20260929,1,56800,0,feed,82860,0,12,82860
1790740687,904,1,1269698,20260929,7,53543,-10,feed,82800,6,12,81960
1790740687,904,1,1271682,20260929,1,56800,0,feed,85560,0,12,85560
1790740687,904,1,1273167,20260929,12,56830,627,feed,82260,11,12,80160
1790740687,904,0,1360883,20260929,3,56831,186,feed,82680,2,13,82260
1790740687,904,0,1360930,20260929,1,56830,0,feed,83160,0,13,83160
1790740687,904,0,1361998,20260929,7,53542,166,feed,82620,6,13,81360
1790740687,904,0,1362043,20260929,1,56830,0,feed,84060,0,13,84060
1790740687,904,0,1362117,20260929,8,17780,819,feed,81900,7,13,80460
1790740687,905,0,1343794,20260929,1,52761,0,feed,85200,0,16,85200
1790740687,905,1,1344120,20260929,15,52759,-218,feed,82740,14,16,80640
1790740687,905,1,1344134,20260929,1,57441,0,feed,84240,0,16,84240
1790740687,905,1,1345343,20260929,3,57437,4,feed,82680,2,16,82440
1790740687,905,0,1345592,20260929,1,52761,0,feed,83400,0,16,83400
1790740687,906,0,879249,20260929,1,51435,0,feed,83100,0,2,83100
1790740687,921,0,1355847,20260929,1,51544,0,feed,83340,0,21,83340
1790740687,921,1,1355933,20260929,1,52531,0,feed,85740,0,21,85740
1790740687,921,1,1356358,20260929,1,52531,0,feed,84540,0,21,84540
1790740687,921,1,1356392,20260929,21,51544,409,feed,82500,20,21,80640
1790740687,921,1,1356625,20260929,1,52531,0,feed,83340,0,21,83340
1790740687,921,0,1357008,20260929,12,80653,116,feed,82560,11,21,81540
1790740687,921,1,1357348,20260929,12,17318,263,feed,82440,11,21,81540
1790740687,921,0,1357497,20260929,20,50013,374,feed,82380,19,21,80580
1790740687,921,0,1357714,20260929,2,53362,-11,feed,82800,1,21,82440
1790740687,921,1,1358131,20260929,3,50032,-8,feed,82680,2,21,82440
1790740687,921,0,1362744,20260929,1,51544,0,feed,85140,0,21,85140
1790740687,922,0,1311122,20260929,1,57314,0,feed,85320,0,35,85320
1790740687,922,0,1311525,20260929,29,11885,-13,feed,82680,28,35,79860
1790740687,922,0,1311821,20260929,1,57314,0,feed,84420,0,35,84420
1790740687,922,1,1311943,20260929,4,57417,98,feed,82620,3,34,82320
1790740687,922,1,1312048,20260929,1,56100,0,feed,84120,0,34,84120
1790740687,922,0,1312097,20260929,21,57332,-19,feed,82680,20,35,80820
1790740687,922,1,1312253,20260929,1,56100,0,feed,85020,0,34,85020
1790740687,922,0,1312264,20260929,10,16863,204,feed,82560,9,35,81720
1790740687,922,0,1312805,20260929,3,57354,0,feed,82680,2,35,82620
1790740687,922,0,1313128,20260929,1,57314,0,feed,83520,0,35,83520
1790740687,922,1,1315430,20260929,13,17371,-128,feed,82680,12,34,81360
1790740687,922,1,1315973,20260929,21,16904,249,feed,82500,20,34,80460
1790740687,922,1,1317014,20260929,1,56100,0,feed,83220,0,34,83220
1790740687,922,1,1317551,20260929,30,3523,-79,feed,82680,29,34,79560
1790740687,923,1,1265190,20260929,17,56317,-155,feed,82740,16,23,81240
1790740687,923,0,1266404,20260929,1,56897,0,feed,84540,0,22,84540
1790740687,923,1,1270786,20260929,1,57278,0,feed,85920,0,23,85920
1790740687,923,0,1271043,20260929,11,56420,238,feed,82440,10,22,81420
1790740687,923,1,1272570,20260929,1,57278,221,feed,82500,0,23,82500
1790740687,923,0,1276048,20260929,1,56897,150,feed,82560,0,22,82560
1790740687,923,1,1284798,20260929,1,57278,0,feed,84180,0,23,84180
1790740687,924,1,1336268,20260929,1,56823,0,feed,83580,0,41,83580
1790740687,924,0,1336700,20260929,1,56873,0,feed,85740,0,40,85740
1790740687,924,1,1336815,20260929,36,444,-209,feed,82680,35,41,78960
1790740687,924,1,1337167,20260929,27,80139,-135,feed,82680,26,41,79860
1790740687,924,0,1337173,20260929,33,56951,36,feed,82680,32,40,79140
1790740687,924,1,1337520,20260929,1,56823,0,feed,84840,0,41,84840
1790740687,924,0,1337823,20260929,23,17900,-60,feed,82680,22,40,80280
1790740687,924,1,1338125,20260929,16,17905,-13,feed,82680,15,41,81060
1790740687,924,0,1338637,20260929,1,56873,0,feed,83940,0,40,83940
1790740687,924,1,1338980,20260929,3,9173,266,feed,82500,2,41,82260
1790740687,924,0,1339273,20260929,10,81078,366,feed,82380,9,40,81540
1790740687,924,0,1342002,20260929,1,56873,0,feed,82740,0,40,82740
1790740687,925,1,1264822,20260929,11,15562,40,feed,82680,10,35,81720
1790740687,925,1,1270739,20260929,30,52177,3,feed,82680,29,35,79860
1790740687,925,0,1270766,20260929,1,53703,0,feed,82980,0,35,82980
1790740687,925,1,1271624,20260929,19,1096,112,feed,82620,18,35,80820
1790740687,925,1,1331239,20260929,2,15881,25,feed,82740,1,35,82620
1790740687,925,0,1335004,20260929,1,53703,0,feed,84840,0,35,84840
1790740687,925,0,1335718,20260929,10,6202,74,feed,82680,9,35,82080
1790740687,925,0,1359190,20260929,17,1330,149,feed,82560,16,35,81060
1790740687,925,1,1359736,20260929,1,57541,0,feed,85260,0,35,85260
1790740687,925,0,1359992,20260929,25,15477,373,feed,82380,24,35,80160
1790740687,925,1,1360542,20260929,1,57541,0,feed,83580,0,35,83580
1790740687,94,0,1178449,20260929,1,51200,0,feed,85380,0,15,85380
1790740687,94,1,1179308,20260929,14,53765,439,feed,82260,13,16,80640
1790740687,94,0,1179888,20260929,1,51200,0,feed,83580,0,15,83580
1790740687,94,1,1181356,20260929,2,57419,111,feed,82620,1,16,82440
1790740687,94,1,1185978,20260929,1,56100,0,feed,84240,0,16,84240
1790740687,94,1,1186588,20260929,1,56100,0,feed,86040,0,16,86040
1790740687,94,0,1187489,20260929,9,18665,185,feed,82740,8,15,81780
